name,species,gender,house,dateOfBirth,yearOfBirth,wizard,ancestry,eyeColour,hairColour,wand/wood,wand/core,wand/length,patronus,hogwartsStudent,hogwartsStaff,actor,alive,image,alternate_names/0,alternate_names/1,alternate_actors/0,alternate_actors/1,alternate_names/2,alternate_names/3,alternate_actors/2,alternate_actors/3,alternate_actors/4,alternate_actors/5,alternate_actors/6
Harry Potter,human,male,Gryffindor,31-07-1980,1980,true,half-blood,green,black,holly,phoenix feather,11,stag,true,false,Daniel Radcliffe,true,https://hp-api.herokuapp.com/images/harry.jpg,,,,,,,,,,,
Hermione Granger,human,female,Gryffindor,19-09-1979,1979,true,muggleborn,brown,brown,vine,dragon heartstring,,otter,true,false,Emma Watson,true,https://hp-api.herokuapp.com/images/hermione.jpeg,,,,,,,,,,,
Ron Weasley,human,male,Gryffindor,01-03-1980,1980,true,pure-blood,blue,red,willow,unicorn tail-hair,14,Jack Russell terrier,true,false,Rupert Grint,true,https://hp-api.herokuapp.com/images/ron.jpg,Dragomir Despard,,,,,,,,,,
Draco Malfoy,human,male,Slytherin,05-06-1980,1980,true,pure-blood,grey,blonde,hawthorn,unicorn tail-hair,10,,true,false,Tom Felton,true,https://hp-api.herokuapp.com/images/draco.jpg,,,,,,,,,,,
Minerva McGonagall,human,female,Gryffindor,04-10-1925,1925,true,,,black,,,,tabby cat,false,true,Dame Maggie Smith,true,https://hp-api.herokuapp.com/images/mcgonagall.jpg,,,,,,,,,,,
Cedric Diggory,human,male,Hufflepuff,,1977,true,,grey,brown,ash,unicorn hair,12.25,,true,false,Robert Pattinson,false,https://hp-api.herokuapp.com/images/cedric.png,,,,,,,,,,,
Cho Chang,human,female,Ravenclaw,,,true,,brown,black,,,,swan,true,false,Katie Leung,true,https://hp-api.herokuapp.com/images/cho.jpg,,,,,,,,,,,
Severus Snape,human,male,Slytherin,09-01-1960,1960,true,half-blood,black,black,,,,doe,false,true,Alan Rickman,false,https://hp-api.herokuapp.com/images/snape.jpg,Half-Blood Prince,,,,,,,,,,
Rubeus Hagrid,half-giant,male,Gryffindor,06-12-1928,1928,true,half-blood,black,black,oak,,16,,false,true,Robbie Coltrane,true,https://hp-api.herokuapp.com/images/hagrid.png,,,,,,,,,,,
Neville Longbottom,human,male,Gryffindor,30-07-1980,1980,true,pure-blood,,blonde,cherry,unicorn tail-hair,13,,true,false,Matthew Lewis,true,https://hp-api.herokuapp.com/images/neville.jpg,,,,,,,,,,,
Luna Lovegood,human,female,Ravenclaw,13-02-1981,1981,true,,grey,blonde,,,,hare,true,false,Evanna Lynch,true,https://hp-api.herokuapp.com/images/luna.jpg,,,,,,,,,,,
Ginny Weasley,human,female,Gryffindor,11-08-1981,1981,true,pure-blood,brown,red,yew,,,horse,true,false,Bonnie Wright,true,https://hp-api.herokuapp.com/images/ginny.jpg,,,,,,,,,,,
Sirius Black,human,male,Gryffindor,03-11-1959,1959,true,pure-blood,grey,black,,,,hare,false,false,Gary Oldman,false,https://hp-api.herokuapp.com/images/sirius.JPG,Padfoot,Snuffles,James Walters,Rohan Gotobed,,,,,,,
Remus Lupin,werewolf,male,Gryffindor,10-03-1960,1960,true,half-blood,green,brown,cypress,unicorn tail-hair,10.25,wolf,false,true,David Thewlis,false,https://hp-api.herokuapp.com/images/lupin.jpg,Professor Lupin,Moony,,,Remus John Lupin,,,,,,
Arthur Weasley,human,male,Gryffindor,06-02-1950,1950,true,pure-blood,blue,red,,,,weasel,false,false,Mark Williams,true,https://hp-api.herokuapp.com/images/arthur.jpg,,,,,,,,,,,
Bellatrix Lestrange,human,female,Slytherin,,1951,true,pure-blood,brown,black,walnut,dragon heartstring,12.75,,false,false,Helena Bonham Carter,false,https://hp-api.herokuapp.com/images/bellatrix.jpg,Bella,,,,,,,,,,
Lord Voldemort,human,male,Slytherin,31-12-1926,1926,true,half-blood,red,bald,yew,phoenix feather,13.5,,false,false,Ralph Fiennes,false,https://hp-api.herokuapp.com/images/voldemort.jpg,Tom Marvolo Riddle,,,,,,,,,,
Horace Slughorn,human,male,Slytherin,,,true,pure-blood,green,blonde,cedar,dragon heartstring,10.25,,false,true,Jim Broadbent,true,https://hp-api.herokuapp.com/images/slughorn.JPG,,,,,,,,,,,
Kingsley Shacklebolt,human,male,,,,true,pure-blood,brown,brown,,,,lynx,false,false,George Harris,true,https://hp-api.herokuapp.com/images/kingsley.jpg,,,,,,,,,,,
Dolores Umbridge,human,female,Slytherin,,,true,half-blood,brown,grey,birch,dragon heartstring,8,persian cat,false,true,Imelda Staunton,true,https://hp-api.herokuapp.com/images/umbridge.jpg,,,,,,,,,,,
Lucius Malfoy,human,male,Slytherin,,1954,true,pure-blood,grey,blonde,elm,dragon heartstring,18,,false,false,Jason Isaacs,true,https://hp-api.herokuapp.com/images/lucius.jpg,,,,,,,,,,,
Vincent Crabbe,human,male,Slytherin,,,true,pure-blood,black,black,,,,,true,false,Jamie Waylett,false,https://hp-api.herokuapp.com/images/crabbe.jpg,,,,,,,,,,,
Gregory Goyle,human,male,Slytherin,,,true,pure-blood,,brown,,,,,true,false,Josh Herdman,true,https://hp-api.herokuapp.com/images/goyle.jpg,,,,,,,,,,,
Mrs Norris,cat,female,,,,false,,yellow,brown,,,,,false,true,"Maxime, Alanis and Tommy the cats",true,https://hp-api.herokuapp.com/images/norris.JPG,,,,,,,,,,,
Argus Filch,human,male,,,,false,squib,,grey,,,,,false,true,David Bradley,true,https://hp-api.herokuapp.com/images/filch.jpg,,,,,,,,,,,
Vernon Dursley,human,male,,,,false,muggle,,,,,,,false,false,Richard Griffiths,true,,,,,,,,,,,,
Petunia Dursley,human,female,,,,false,muggle,,blonde,,,,,false,false,Fiona Shaw,true,,,,,,,,,,,,
Dudley Dursley,human,male,,,,false,muggle,blue,blond,,,,,false,false,Harry Melling,true,,,,,,,,,,,,
Lily Potter,human,female,Gryffindor,,,true,muggleborn,green,,willow,,10.25,,false,false,Geraldine Somerville,false,,,,,,,,,,,,
James Potter,human,male,Gryffindor,,,true,,,black,mahogany,,11,stag,false,false,Adrian Rawlins,false,,Prongs,,,,,,,,,,
Albus Dumbledore,human,male,Gryffindor,,0,true,half-blood,blue,silver,,,,,false,true,Richard Harris,false,,,,Michael Gambon,,,,,,,,
Madam Pomfrey,human,female,,,,true,,,,,,,,false,true,Gemma Jones,true,,Poppy Pomfrey,,,,,,,,,,
Mrs Figg,human,female,,,,false,squib,,,,,,,false,false,Kathryn Hunter,true,,Arabella Doreen Figg,,,,,,,,,,
Marge Dursley,human,female,,,,false,muggle,,,,,,,false,false,Pam Ferris,true,,Marjorie Eileen Dursley,Aunt Marge,,,Auntie Marge,Margie,,,,,
Yvonne,human,female,,,,false,muggle,,,,,,,false,false,,true,,,,,,,,,,,,
Piers Polkiss,human,male,,,,false,muggle,,,,,,,false,false,Jason Boyd,true,,,,,,,,,,,,
Dennis,human,male,,,,false,muggle,,,,,,,false,false,Christopher Rithin,true,,,,,,,,,,,,
Malcolm,human,male,,,,false,muggle,,,,,,,false,false,Richard Macklin,true,,,,,,,,,,,,
Gordon,human,male,,,,false,muggle,,,,,,,false,false,,true,,,,,,,,,,,,
Miranda Gaushawk,human,female,,,,true,,,,,,,,false,false,,false,,,,,,,,,,,,
Bathilda Bagshot,human,female,,,,true,,,,,,,,false,false,,false,,,,,,,,,,,,
Adalbert Waffling,human,male,,,,true,,,,,,,,false,false,,false,,,,,,,,,,,,
Emeric Switch,human,male,,,,true,,,,,,,,false,false,,false,,,,,,,,,,,,
Phyllida Spore,human,female,,,,true,,,,,,,,false,false,,false,,Dame Phyllida Spore,,,,,,,,,,
Arsenius Jigger,human,male,,,,true,,,,,,,,false,false,,false,,,,,,,,,,,,
Newt Scamander,human,male,,,,true,,,,,,,,false,false,Eddie Redmayne,false,,Newton Artemis Fido Scamander,,Joshua Shea,Callum Turner,,,,,,,
Quentin Trimble,human,male,,,,true,,,,,,,,false,false,,false,,,,,,,,,,,,
Tom,human,male,,,,true,,,,,,,,false,false,Derek Deadman,true,,,,Jim Tavare,,,,,,,,
Doris Crockford,human,female,,,,true,,,,,,,,false,false,Nina Young,true,,,,,,,,,,,,
Quirinus Quirrel,human,male,,,,true,,,,,,,,false,true,Ian Hart,false,,Professor Quirrel,,,,,,,,,,
Griphook,goblin,male,,,,false,,,,,,,,false,false,Verne Troyer,false,,,,Warwick Davis,,,,,,,,
Madam Malkin,human,female,,,,true,,,,,,,,false,false,,true,,,,,,,,,,,,
Vindictus Viridian,human,male,,,,true,,,,,,,,false,false,,false,,,,,,,,,,,,
Garrick Ollivander,human,male,,,,true,,"pale, silvery",,,,,,false,false,John Hurt,true,,,,,,,,,,,,
Hedwig,owl,female,,,,false,,amber,,,,,,false,false,Gizmo,false,,,,Ook,Sprout,,,Kasper,Swoops,Oh Oh,Elmo,Bandit
Molly Weasley,human,female,Gryffindor,,,true,pure-blood,,red,,,,,false,false,Julie Walters,true,,Molly Prewett,Mollywabbles,,,,,,,,,
Percy Weasley,human,male,Gryffindor,,,true,pure-blood,,red,,,,,true,false,Chris Rankin,true,,Perce,Percy Ignatius Weasley,,,Weatherby,,,,,,
Fred Weasley,human,male,Gryffindor,,,true,pure-blood,,red,,,,,true,false,James Phelps,false,,,,,,,,,,,,
George Weasley,human,male,Gryffindor,,,true,pure-blood,,red,,,,,true,false,Oliver Phelps,true,,,,,,,,,,,,
Lee Jordan,human,male,Gryffindor,,,true,,,,,,,,true,false,Luke Youngblood,true,,,,,,,,,,,,
Bill Weasley,human,male,Gryffindor,,,true,pure-blood,,red,,,,,false,false,Richard Fish,true,,William Arthur Weasley,,Domhnall Gleeson,,,,,,,,
Charlie Weasley,human,male,Gryffindor,,,true,pure-blood,,red,,,,,false,false,Alex Crockford,true,,Charles Weasley,,,,,,,,,,
Fat Friar,ghost,male,Hufflepuff,,,true,,,,,,,,false,false,Simon Fisher-Becker,false,,,,,,,,,,,,
Peeves,poltergeist,male,,,,true,,,,,,,,false,false,,false,,,,,,,,,,,,
Hannah Abbott,human,female,Hufflepuff,,,true,half-blood,,blonde,,,,,true,false,Charlotte Skeoch,true,,,,Louisa Warren,,,,,,,,
Susan Bones,human,female,Hufflepuff,,,true,,,,,,,,true,false,Eleanor Columbus,true,,,,Emma Jayne-Corboz,,,,,,,,
Terry Boot,human,male,Ravenclaw,,,true,,,,,,,,true,false,Kevin Lee Yi,true,,,,,,,,,,,,
Mandy Brocklehurst,human,female,Ravenclaw,,,true,,,,,,,,true,false,Christina Petrou,true,,,,,,,,,,,,
Lavender Brown,human,female,Gryffindor,,,true,,,,,,,,true,false,Kathleen Cauley,true,,,,Jennifer Smith,Jessie Cave,,,,,,,
Millicent Bulstrode,human,female,Slytherin,,,true,,,,,,,,true,false,Helen Stuart,true,,,,,,,,,,,,
Justin Finch-Fletchley,human,male,Hufflepuff,,,true,muggleborn,,,,,,,true,false,Edward Randell,true,,,,,,,,,,,,
Seamus Finnegan,human,male,Gryffindor,,,true,half-blood,,sandy,,,,,true,false,Devon Murray,true,,O'Flaherty,,,,,,,,,,
Morag MacDougal,human,female,,,,true,,,,,,,,true,false,,true,,,,,,,,,,,,
Lily Moon,human,female,,,,true,,,,,,,,true,false,,true,,,,,,,,,,,,
Theodore Nott,human,male,Slytherin,,,true,pure-blood,,,,,,,true,false,,true,,,,,,,,,,,,
Pansy Parkinson,human,female,Slytherin,,,true,,,,,,,,true,false,Genevieve Gaunt,true,,,,Lauren Shotton,Scarlett Byrne,,,,,,,
Parvati Patil,human,female,Gryffindor,,,true,,,,,,,,true,false,Sitara Shah,true,,,,Shefali Chowdhury,,,,,,,,
Padma Patil,human,female,Ravenclaw,,,true,,,,,,,,true,false,Sharon Sandhu,true,,,,Afshan Azad,,,,,,,,
Sally-Anne Perks,human,female,,,,true,,,,,,,,true,false,,true,,,,,,,,,,,,
Lisa Turpin,human,female,Ravenclaw,,,true,,,,,,,,true,false,,true,,,,,,,,,,,,
Blaise Zabini,human,male,Slytherin,,,true,,,,,,,,true,false,Louis Cordice,true,,,,,,,,,,,,
Nearly Headless Nick,ghost,male,Gryffindor,,,true,,,,,,,,false,false,John Cleese,false,,Sir Nicholas de Mimsy-Porpington,Sir Nicholas,,,Nick,,,,,,
Bloody Baron,ghost,male,Slytherin,,,true,,,,,,,,false,false,Terence Bayler,false,,,,,,,,,,,,
Fat Lady,human,female,,,,true,,,,,,,,false,false,Elizabeth Spriggs,false,,,,Dawn French,,,,,,,,
Pomona Sprout,human,female,Hufflepuff,,,true,,,,,,,,false,true,Miriam Margolyes,true,,Professor Sprout,,,,,,,,,,
Cuthbert Binns,ghost,male,,,,true,,,,,,,,false,true,,false,,Professor Binns,,,,,,,,,,
Emeric the Evil,human,male,,,,true,,,,,,,,false,false,,false,,,,,,,,,,,,
Uric the Oddball,human,male,,,,true,,,,,,,,false,false,,false,,,,,,,,,,,,
Filius Flitwick,human,male,Ravenclaw,,,true,,,,,,,,false,true,Warwick Davis,true,,Professor Flitwick,,,,,,,,,,
Madam Hooch,human,female,,,,true,,yellow,grey,,,,,false,true,Zoë Wanamaker,true,,Rolanda Hooch,,,,,,,,,,
Oliver Wood,human,male,,,,true,,,,,,,,true,false,Sean Biggerstaff,true,,,,,,,,,,,,
Gregory the Smarmy,human,male,,,,true,,,,,,,,false,false,,false,,,,,,,,,,,,
Wizard Baruffio,human,male,,,,true,,,,,,,,false,false,,false,,,,,,,,,,,,
Angelina Johnson,human,female,Gryffindor,,,true,,,,,,,,true,false,Danielle Tabor,true,,,,Tiana Benjamin,,,,,,,,
Marcus Flint,human,male,Slytherin,,,true,,,,,,,,true,false,Jamie Yeates,true,,,,,,,,,,,,
Alicia Spinet,human,female,Gryffindor,,,true,,,,,,,,true,false,Leilah Sutherland,true,,,,Rochelle Douglas,,,,,,,,
Katie Bell,human,female,Gryffindor,,,true,,,,,,,,true,false,Emily Dale,true,,,,Georgina Leonidas,,,,,,,,
Adrian Pucey,human,male,Slytherin,,,true,,,,,,,,true,false,Scot Fearn,true,,,,,,,,,,,,
Miles Bletchley,human,male,Slytherin,,,true,,,,,,,,true,false,David Churchyard,true,,,,Amy Puglia,,,,,,,,
Terrence Higgs,human,male,Slytherin,,,true,,,,,,,,true,false,Will Theakston,true,,,,,,,,,,,,
Fluffy,three-headed dog,male,,,,false,,,,,,,,false,false,,true,,,,,,,,,,,,
Nicolas Flamel,human,male,,,,true,,,,,,,,false,false,Brontis Jodorowsky,false,,,,,,,,,,,,
Gellert Grindelwald,human,male,,,,true,,blue,blond,,,,,false,false,Jamie Campbell Bower,false,,,,Michael Byrne,Johnny Depp,,,Mads Mikkelsen,,,,
Norberta,dragon,female,,,,false,,orange,,,,,,false,false,,true,,,,,,,,,,,,
Ronan,centaur,male,,,,false,,,red,,,,,false,false,,true,,,,,,,,,,,,
Bane,centaur,male,,,,false,,,,,,,,false,false,Jason Piper,true,,,,Nuno Silva,,,,,,,,
Firenze,centaur,male,,,,false,,blue,blond,,,,,false,true,Ray Fearon,true,,Professor Firenze,,,,,,,,,,
Elfrick the Eager,goblin,male,,,,false,,,,,,,,false,false,,false,,,,,,,,,,,,
Perenelle Flamel,human,female,,,,true,,,,,,,,false,false,,false,,,,,,,,,,,,
Bertie Bott,human,male,,,,true,,,,,,,,false,false,,true,,,,,,,,,,,,
Dobby,house-elf,male,,,,false,,green,,,,,,false,false,Toby Jones,false,,,,,,,,,,,,
Mr Mason,human,male,,,,false,muggle,,,,,,,false,false,Jim Norton,true,,,,,,,,,,,,
Mrs Mason,human,female,,,,false,muggle,,,,,,,false,false,Veronica Clifford,true,,,,,,,,,,,,
Perkins,human,male,,,,true,,,white,,,,,false,false,,true,,,,,,,,,,,,
Celestina Warbeck,human,female,Gryffindor,,,true,half-blood,,,larch,phoenix feather,10.5,,false,false,,true,,,,,,,,,,,,
Gilderoy Lockhart,human,male,,,,true,half-blood,blue,blond,cherry,dragon heartstring,9,,false,true,Kenneth Branagh,true,,Professor Lockhart,,,,,,,,,,
Mundungus Fletcher,human,male,,,,true,,,ginger,,,,,false,false,Andy Linden,true,,Dung,,,,,,,,,,
Mr Borgin,human,male,,,,true,,,,,,,,false,false,Edward Tudor-Pole,true,,,,,,,,,,,,
Mr Granger,human,male,,,,false,muggle,,,,,,,false,false,Tom Knight,true,,Wendell Wilkins,,Ian Kelly,,,,,,,,
Mrs Granger,human,female,,,,false,muggle,,,,,,,false,false,Heather Bleasdale,true,,Monica Wilkins,,Michelle Fairley,,,,,,,,
Dr Filibuster,human,male,,,,true,,,,,,,,false,false,,true,,,,,,,,,,,,
Colin Creevey,human,male,Gryffindor,,,true,muggleborn,,,,,,,true,false,Hugh Mitchell,false,,,,,,,,,,,,
Gladys Gudgeon,human,female,,,,true,,,,,,,,false,false,,true,,,,,,,,,,,,
Veronica Smethley,human,female,,,,true,,,,,,,,false,false,,true,,,,,,,,,,,,
Patrick Delaney-Podmore,ghost,male,,,,true,,,,,,,,false,false,,false,,Sir Patrick Delaney-Podmore,,,,,,,,,,
Z. Nettles,human,female,,,,true,,,,,,,,false,false,,true,,,,,,,,,,,,
D.J. Prod,human,male,,,,true,,,,,,,,false,false,Chris Wilson,false,,Demetrius J. Prod,,,,,,,,,,
Elsie Prod,human,female,,,,true,,,,,,,,false,false,,true,,,,,,,,,,,,
Moaning Myrtle,ghost,female,Ravenclaw,,,true,muggleborn,,,,,,,false,false,Shirley Henderson,false,,Myrtle Elizabeth Warren,,,,,,,,,,
Godric Gryffindor,human,male,,,,true,,,,,,,,false,false,,false,,,,,,,,,,,,
Rowena Ravenclaw,human,female,,,,true,,,,,,,,false,false,,false,,,,,,,,,,,,
Helga Hufflepuff,human,female,,,,true,,,,,,,,false,false,,false,,,,,,,,,,,,
Salazar Slytherin,human,male,,,,true,,,,,,,,false,false,,false,,,,,,,,,,,,
Madame Pince,human,female,,,,true,,,,,,,,false,true,Sally Mortemore,true,,Irma Pince,,,,,,,,,,
Milicent Bullstroude,human,female,Slytherin,,,true,,,black,,,,,true,false,Helen Stuart,true,,,,,,,,,,,,
Ernie Macmillan,human,male,Hufflepuff,,,true,,,blond,,,,boar,true,false,Louis Doyle,true,,Ernest Macmillan,,,,,,,,,,
Armando Dippet,human,male,,,,true,,,white,,,,,false,false,Alfred Burke,false,,Professor Dippet,,,,,,,,,,
Penelope Clearwater,human,female,Ravenclaw,,,true,,,,,,,,true,false,Gemma Padley,true,,Penny,,,,,,,,,,
Cornelius Fudge,human,male,,,,true,,,grey,,,,,false,false,Robert Hardy,true,,Minister Cornelius Oswald Fudge,,,,,,,,,,
Aragog,acromantula,male,,,,false,,white,brown,,,,,false,false,Julian Glover,false,,,,,,,,,,,,
Mosag,acromantula,female,,,,false,,black,brown,,,,,false,false,,true,,,,,,,,,,,,
Stanley Shunpike,human,male,,,,true,,,,,,,,false,false,Lee Ingleby,true,,Stan,,,,,,,,,,
Ernest Prang,human,male,,,,true,,,,,,,,false,false,Jimmy Gardner,true,,Ernie,,,,,,,,,,
Madam Marsh,human,female,,,,true,,,,,,,,false,false,,true,,,,,,,,,,,,
Florean Fortescue,human,male,,,,true,,,,,,,,false,false,,false,,,,,,,,,,,,
Sir Cadogan,human,male,,,,true,,,,,,,,false,false,Paul Whitehouse,false,,,,,,,,,,,,
Sybill Trelawney,human,female,,,,true,,,,,,,,false,true,Emma Thompson,true,,Sybill Patricia Trelawney,Professor Trelawney,,,,,,,,,
Buckbeak,hippogriff,male,,,,false,,orange,,,,,,false,false,,true,,Beaky,Witherwings,,,,,,,,,
Peter Pettigrew,human,male,Gryffindor,,,true,,,,chestnut,dragon heartstring,9.25,,false,false,Timothy Spall,false,,Wormtail,Scabbers,Charles Hughes,,Wormy,,,,,,
Madam Rosmerta,human,female,,,,true,,,,,,,,false,false,Julie Christie,true,,,,,,,,,,,,
Derek,human,male,,,,true,,,,,,,,true,false,,true,,,,,,,,,,,,
Septima Vector,human,female,,,,true,,,,,,,,false,true,,true,,Professor Vector,,,,,,,,,,
Cassius Warrington,human,male,Slytherin,,,true,,,,,,,,true,false,Ashley Hull,true,,,,,,,,,,,,
Graham Montague,human,male,Slytherin,,,true,,,,,,,,true,false,,true,,,,,,,,,,,,
Peregrine Derrick,human,male,Slytherin,,,true,,,,,,,,true,false,,true,,,,,,,,,,,,
Lucian Bole,human,male,Slytherin,,,true,,,,,,,,true,false,,true,,,,,,,,,,,,
Walden Macnair,human,male,Slytherin,,,true,,,black,,,,,false,false,Peter Best,true,,,,,,,,,,,,
Franc Bryce,human,male,,,,false,muggle,,,,,,,false,false,Eric Sykes,false,,,,,,,,,,,,
Dot,human,female,,,,false,muggle,,,,,,,false,false,,false,,,,,,,,,,,,
Bertha Jorkins,human,female,,,,true,,,,,,,,false,false,,false,,,,,,,,,,,,
Barty Crouch,human,male,,,,true,pure-blood,,,,,,,false,false,Roger Lloyd-Pack,false,,Bartemius Crouch Senior,,,,,,,,,,
Ludo Bagman,human,male,,,,true,,blue,blond,,,,,false,false,,true,,Ludovic Bagman,,,,,,,,,,
Amos Diggory,human,male,,,,true,,,brown,,,,,false,false,Jeff Rawle,true,,,,,,,,,,,,
Mr Roberts,human,male,,,,false,muggle,,,,,,,false,false,,true,,,,,,,,,,,,
Mr Payne,human,male,,,,false,muggle,,,,,,,false,false,,true,,,,,,,,,,,,
Basil,human,male,,,,true,,,,,,,,false,false,,true,,,,,,,,,,,,
Archie Aymslowe,human,male,,,,true,,,,,,,,false,false,,true,,,,,,,,,,,,
Cuthbert Mockridge,human,male,,,,true,,,,,,,,false,false,,true,,,,,,,,,,,,
Gilbert Wimple,human,male,,,,true,,,,,,,,false,false,,true,,,,,,,,,,,,
Arnold Peasegood,human,male,,,,true,,,,,,,,false,false,,true,,,,,,,,,,,,
Broderick Bode,human,male,,,,true,,,,,,,,false,false,,false,,,,,,,,,,,,
Saul Croaker,human,male,,,,true,,,,,,,,false,false,,true,,,,,,,,,,,,
Ali Bashir,human,male,,,,true,,,,,,,,false,false,,true,,,,,,,,,,,,
Victor Krum,human,male,,,,true,,dark,dark,hornbeam,dragon heartstring,10.25,,false,false,Stanislav Ianevski,true,,,,,,,,,,,,
Winky,house-elf,female,,,,false,,,,,,,,false,false,,true,,,,,,,,,,,,
Narcissa Malfoy,human,female,,,,true,pure-blood,blue,blonde,,,,,false,false,Helen McCrory,true,,Cissy,,,,,,,,,,
Vasily Dimitrov,human,male,,,,true,,,,,,,,false,false,,true,,,,,,,,,,,,
Clara Ivanova,human,female,,,,true,,,,,,,,false,false,,true,,,,,,,,,,,,
Lev Zograf,human,male,,,,true,,,,,,,,false,false,,true,,,,,,,,,,,,
Alexei Levski,human,male,,,,true,,,,,,,,false,false,,true,,,,,,,,,,,,
Pyotr Vulchanov,human,male,,,,true,,,,,,,,false,false,,true,,,,,,,,,,,,
Ivan Volkov,human,male,,,,true,,,,,,,,false,false,,true,,,,,,,,,,,,
Connolly,human,male,,,,true,,,,,,,,false,false,,true,,,,,,,,,,,,
Barry Ryan,human,male,,,,true,,,,,,,,false,false,,true,,,,,,,,,,,,
Troy,human,male,,,,true,,,,,,,,false,false,,true,,,,,,,,,,,,
Mullet,human,female,,,,true,,,,,,,,false,false,,true,,,,,,,,,,,,
Moran,human,female,,,,true,,,,,,,,false,false,,true,,,,,,,,,,,,
Quigley,human,male,,,,true,,,,,,,,false,false,,true,,,,,,,,,,,,
Aidan Lynch,human,male,,,,true,,,,,,,,false,false,,true,,,,,,,,,,,,
Hassan Mostafa,human,male,,,,true,,,,,,,,false,false,,true,,,,,,,,,,,,
Dennis Creevey,human,male,,,,true,muggleborn,,brown,,,,,true,false,,true,,,,,,,,,,,,
Aurora Sinistra,human,female,,,,true,,,,,,,,false,true,,true,,Professor Sinistra,,,,,,,,,,
Stewart Ackerley,human,male,Ravenclaw,,,true,,,,,,,,true,false,,true,,,,,,,,,,,,
Malcolm Baddock,human,male,Slytherin,,,true,,,,,,,,true,false,,true,,,,,,,,,,,,
Eleanor Branstone,human,female,Hufflepuff,,,true,,,,,,,,true,false,,true,,,,,,,,,,,,
Owen Cauldwell,human,male,Hufflepuff,,,true,,,,,,,,true,false,,true,,,,,,,,,,,,
Emma Dobbs,human,female,,,,true,,,,,,,,true,false,,true,,,,,,,,,,,,
Laura Madley,human,female,Hufflepuff,,,true,,,,,,,,true,false,,true,,,,,,,,,,,,
Natalie McDonald,human,female,Gryffindor,,,true,,,,,,,,true,false,,true,,,,,,,,,,,,
Graham Pritchard,human,male,Slytherin,,,true,,,,,,,,true,false,,true,,,,,,,,,,,,
Orla Quirke,human,female,Ravenclaw,,,true,,,,,,,,true,false,,true,,,,,,,,,,,,
Kevin Whitby,human,male,Hufflepuff,,,true,,,,,,,,true,false,,true,,,,,,,,,,,,
Eloise Midgen,human,female,Gryffindor,,,true,,,,,,,,true,false,Samantha Clinch,true,,,,,,,,,,,,
Alastor Moody,human,male,,,,true,pure-blood,dark,grey,,,,,false,true,Brendan Gleeson,false,,Professor Moody,Mad-Eye,,,,,,,,,
Madame Maxime,half-giant,female,,,,true,,,,,,,,false,false,Frances de la Tour,true,,Olympe Maxime,,Ian Whyte,,,,,,,,
Igor Karkaroff,human,male,,,,true,,blue,silver,,,,,false,false,Predrag Bjelac,false,,,,,,,,,,,,
Poliakoff,human,male,,,,true,,,,,,,,false,false,,true,,,,,,,,,,,,
Fawcett,human,female,Ravenclaw,,,true,,,,,,,,true,false,Alex Argenti,true,,,,,,,,,,,,
Summers,human,male,Hufflepuff,,,true,,,,,,,,true,false,,true,,,,,,,,,,,,
Fleur Delacour,human,female,,,,true,,blue,blonde,,,,,false,false,Clémence Poésy,true,,,,,,,,,,,,
Gregorovic,human,male,,,,true,,,white,,,,,false,false,Rade Šerbedžija,false,,Mykew Gregorovitch,,,,,,,,,,
Rita Skeeter,human,female,,,,true,,,blonde,,,,,false,false,Miranda Richardson,true,,,,,,,,,,,,
Stebbins,human,male,Ravenclaw,,,true,,,,,,,,true,false,,true,,,,,,,,,,,,
Wilhelmina Grubbly-Plank,human,female,,,,true,,,grey,,,,,false,true,Apple Brook,true,,Professor Grubbly-Plank,,,,,,,,,,
Bozo,human,male,,,,true,,,,,,,,false,false,Peter O'Farrell,true,,,,Robert Wilfort,,,,,,,,
Evan Rosier,human,male,Slytherin,,,true,,,,,,,,false,false,,false,,,,,,,,,,,,
Wilkes,human,male,Slytherin,,,true,,,,,,,,false,false,,false,,,,,,,,,,,,
Avery,human,male,Slytherin,,,true,,,,,,,,false,false,Richard Rosson,true,,,,,,,,,,,,
Antonin Dolohov,human,male,,,,true,,,dark,,,,,false,false,Arben Bajraktaraj,true,,,,,,,,,,,,
Travers,human,male,,,,true,,,grey,,,,,false,false,Tav MacDougall,true,,,,,,,,,,,,
Marlene McKinnon,human,female,,,,true,,,,,,,,false,false,,false,,,,,,,,,,,,
Mulciber,human,male,Slytherin,,,true,,,,,,,,false,false,,true,,,,,,,,,,,,
Augustus Rookwood,human,male,,,,true,,,,,,,,false,false,Richard Trinder,true,,,,,,,,,,,,
Frank Longbottom,human,male,,,,true,pure-blood,,,,,,,false,false,James Payton,true,,,,,,,,,,,,
Alice Longbottom,human,female,,,,true,pure-blood,,white,,,,,false,false,Lisa Wood ,true,,,,,,,,,,,,
Violet,human,female,,,,true,,,,,,,,false,false,,false,,,,,,,,,,,,
Apollyon Pringle,human,male,,,,true,,,,,,,,false,false,,true,,,,,,,,,,,,
Ogg,human,male,,,,true,,,,,,,,false,false,,true,,,,,,,,,,,,
Mafalda Hopkirk,human,female,,,,true,,hazel,grey,,,,,false,false,Jessica Hynes,true,,,,,,,,,,,,
Nymphadora Tonks,human,female,Hufflepuff,,,true,,,brown,,,,,false,false,Natalia Tena,false,,Dora,Nymphadora Lupin,,,,,,,,,
Elphias Doge,human,male,,,,true,pure-blood,blue,silver,,,,,false,false,Peter Cartwright,true,,,,,,,,,,,,
Dedalus Diggle,human,male,,,,true,,,,,,,,false,false,David Brett,true,,,,,,,,,,,,
Sturgis Podmore,human,male,,,,true,,,blond,,,,,false,false,,true,,,,,,,,,,,,
Hestia Jones,human,female,,,,true,,,black,,,,,false,false,,true,,,,,,,,,,,,
Ragnok,goblin,male,,,,false,,,,,,,,false,false,,true,,,,,,,,,,,,
Alphard Black,human,male,Slytherin,,,true,pure-blood,,,,,,,false,false,,false,,,,,,,,,,,,
Regulus Black,human,male,Slytherin,,,true,pure-blood,,black,,,,,false,false,Tom Moorcroft,false,,Regulus Arcturus Black,,,,,,,,,,
Phineas Nigelus Black,human,male,Slytherin,,,true,pure-blood,,,,,,,false,false,John Atterbury,false,,Professor Phineas Nigellus Black,,,,,,,,,,
Araminta Meliflua Black,human,female,Slytherin,,,true,,,,,,,,false,false,,false,,,,,,,,,,,,
Elladora Black,human,female,,,,true,pure-blood,,,,,,,false,false,,false,,,,,,,,,,,,
Andromeda Tonks,human,female,Slytherin,,,true,pure-blood,,brown,,,,,false,false,,true,,,,,,,,,,,,
Ted Tonks,human,female,,,,true,muggleborn,,blond,,,,,false,false,,false,,Edward,,,,,,,,,,
Rodolphus Lestrange,human,male,Slytherin,,,true,pure-blood,,,,,,,false,false,,true,,,,,,,,,,,,
Rabastan Lestrange,human,male,Slytherin,,,true,pure-blood,,,,,,,false,false,,true,,,,,,,,,,,,
Eric Munch,human,male,,,,true,,,,,,,,false,false,,true,,,,,,,,,,,,
Bob,human,male,,,,true,,,,,,,,false,false,Nicholas Blane,true,,,,,,,,,,,,
Bengie Fenwick,human,male,,,,true,,,,,,,,false,false,,false,,,,,,,,,,,,
Edgar Bones,human,male,,,,true,,,,,,,,false,false,Cliff Lanning,false,,,,,,,,,,,,
Amelia Bones,human,female,,,,true,,,grey,,,,,false,false,Sian Thomas,true,,,,,,,,,,,,
Caradoc Dearborn,human,male,,,,true,,,,,,,,false,false,,false,,,,,,,,,,,,
Gideon Prewett,human,male,,,,true,pure-blood,,,,,,,false,false,,false,,,,,,,,,,,,
Fabian Prewett,human,male,,,,true,pure-blood,,,,,,,false,false,,false,,,,,,,,,,,,
Aberforth Dumbledore,human,male,Gryffindor,,,true,half-blood,blue,,,,,goat,false,false,Jim McManus,true,,,,Ciarán Hinds,,,,,,,,
Dorcas Meadowes,human,female,,,,true,,,,,,,,false,false,,false,,,,,,,,,,,,
Algie Longbottom,human,male,,,,true,,,,,,,,false,false,,true,,,,,,,,,,,,
Anthony Goldstein,human,male,Ravenclaw,,,true,,,,,,,,true,false,,true,,,,,,,,,,,,
Stubby Boardman,human,male,,,,true,,,,,,,,false,false,,true,,,,,,,,,,,,
Doris Purkiss,human,male,,,,true,,,,,,,,false,false,,true,,,,,,,,,,,,
Euan Abercrombie,human,male,Gryffindor,,,true,,,,,,,,true,false,,true,,,,,,,,,,,,
Rose Zeller,human,female,Hufflepuff,,,true,,,,,,,,true,false,,true,,,,,,,,,,,,
Patricia Stimpson,human,female,,,,true,,,,,,,,true,false,,true,,,,,,,,,,,,
Kenneth Towler,human,male,Gryffindor,,,true,,,,,,,,true,false,,true,,,,,,,,,,,,
Vicky Frobisher,human,female,Gryffindor,,,true,,,,,,,,true,false,,true,,,,,,,,,,,,
Geoffrey Hooper,human,male,Gryffindor,,,true,,,,,,,,true,false,,true,,,,,,,,,,,,
Cassandra Trelawney,human,female,,,,true,,,,,,,,false,false,,false,,,,,,,,,,,,
Michael Corner,human,male,Ravenclaw,,,true,,,,,,,,true,false,Ryan Nelson,true,,,,,,,,,,,,
Zacharias Smith,human,male,Ravenclaw,,,true,,,blond,,,,,true,false,Nick Shirm,true,,,,,,,,,,,,
Barnabas the Barmy,human,male,,,,true,,,,,,,,true,false,,false,,,,,,,,,,,,
Karkus,giant,male,,,,false,,,,,,,,false,false,,false,,,,,,,,,,,,
Golgomath,giant,male,,,,false,,,,,,,,false,false,,true,,,,,,,,,,,,
Fridwulfa,giant,female,,,,false,,,,,,,,false,false,,false,,,,,,,,,,,,
Andrew Kirke,human,male,Gryffindor,,,true,,,,,,,,true,false,,true,,,,,,,,,,,,
Jack Sloper,human,male,Gryffindor,,,true,,,,,,,,true,false,,true,,,,,,,,,,,,
Everard,human,male,,,,true,,,black,,,,,false,false,Sam Beazley,false,,Professor Everard,,,,,,,,,,
Dilys Derwent,human,female,,,,true,,,silver,,,,,false,false,,false,,,,,,,,,,,,
Hippocrates Smethwyck,human,male,,,,true,,,,,,,,false,false,,true,,,,,,,,,,,,
Augustus Pye,human,male,,,,true,,,,,,,,false,false,,true,,,,,,,,,,,,
Urquhart Rackharrow,human,male,,,,true,,,,,,,,false,false,,false,,,,,,,,,,,,
Willy Widdershins,human,male,,,,true,,,,,,,,false,false,,true,,,,,,,,,,,,
Agnes,human,female,,,,true,,,,,,,,false,false,,true,,,,,,,,,,,,
Miriam Strout,human,female,,,,true,,,,,,,,false,false,,true,,,,,,,,,,,,
Madam Puddifoot,human,female,,,,true,,,black,,,,,false,false,,true,,,,,,,,,,,,
Summerby,human,male,Hufflepuff,,,true,,,,,,,,true,false,,true,,,,,,,,,,,,
Marietta Edgecombe,human,female,Ravenclaw,,,true,,,blonde,,,,,true,false,,true,,,,,,,,,,,,
Madam Edgecombe,human,female,,,,true,,,,,,,,false,false,,true,,,,,,,,,,,,
John Dawlish,human,male,,,,true,,,grey,,,,,false,false,Richard Leaf,true,,,,,,,,,,,,
Bradley,human,male,Ravenclaw,,,true,,,,,,,,true,false,,true,,,,,,,,,,,,
Roger Davies,human,male,Ravenclaw,,,true,,,,,,,,true,false,Henry Lloyd-Hughes,true,,,,,,,,,,,,
Grawp,giant,male,,,,false,,green,brown,,,,,false,false,Tony Maudsley,true,,,,William Todd-Jones,,,,,,,,
Griselda Marchbanks,human,female,,,,true,,,,,,,,false,false,,true,,Madam Professor Griselda Marchbanks,,,,,,,,,,
Eddie Carmichael,human,male,Ravenclaw,,,true,,,,,,,,true,false,,true,,,,,,,,,,,,
Daphne Greengrass,human,female,Slytherin,,,true,pure-blood,,,,,,,true,false,,true,,,,,,,,,,,,
Tofty,human,male,,,,true,,brown,grey,,,,,false,false,,true,,Professor Tofty,,,,,,,,,,
Tiberius Ogden,human,male,,,,true,,,,,,,,false,false,,true,,,,,,,,,,,,
Pierre Bonaccord,human,male,,,,true,,,,,,,,false,false,,true,,,,,,,,,,,,
Stubby Boardman,human,male,,,,true,,,,,,,,false,false,,true,,Sirius Black,,,,,,,,,,
Magorian,centaur,male,,,,true,,,black,,,,,false,false,Michael Wildman,true,,,,,,,,,,,,
Emmeline Vance,human,female,,,,true,,,,,,,,false,false,Brigitte Millar,false,,,,,,,,,,,,
Herbert Chorley,human,male,,,,false,muggle,,,,,,,false,false,,true,,,,,,,,,,,,
Rufus Scrimgeour,human,male,,,,true,,yellowish,tawny,,,,,false,false,Bill Nighy,false,,,,,,,,,,,,
Corban Yaxley,human,male,,,,true,,blue,blond,,,,,false,false,Peter Mullan,true,,,,,,,,,,,,
Fenrir Greyback,werewolf,male,,,,true,,,grey,,,,,false,false,Dave Legeno,true,,,,,,,,,,,,
Dirk Cresswell,human,male,,,,true,muggleborn,,,,,,,false,false,,false,,,,,,,,,,,,
Barnabas Cuffe,human,male,,,,true,,,,,,,,false,false,Roger C. Bailey,true,,,,,,,,,,,,
Ambrosius Flume,human,male,,,,true,,,bald,,,,,false,false,,true,,,,,,,,,,,,
Gwenog Jones,human,female,,,,true,,brown,brown,,,,,false,false,,true,,,,,,,,,,,,
Arkie Philpott,human,male,,,,true,,,,,,,,false,false,,true,,,,,,,,,,,,
Verity,human,female,,,,true,,,blonde,,,,,false,false,,true,,,,,,,,,,,,
Romilda Vane,human,female,Gryffindor,,,true,,dark,black,,,,,true,false,Anna Shaffer,true,,,,,,,,,,,,
Cormac McLaggen,human,male,Gryffindor,,,true,,,,,,,,true,false,Freddie Stroma,true,,,,,,,,,,,,
Marcus Belby,human,male,Ravenclaw,,,true,,,,,,,,true,false,Robert Knox,true,,,,,,,,,,,,
Damocles Belby,human,male,,,,true,,,,,,,,false,false,,false,,,,,,,,,,,,
Tiberius,human,male,,,,true,,,,,,,,true,false,,false,,,,,,,,,,,,
Bertie Higgs,human,male,,,,true,,,,,,,,false,false,,false,,,,,,,,,,,,
Proudfoot,human,male,,,,true,,,,,,,,false,false,,true,,,,,,,,,,,,
Savage,human,male,,,,true,,,,,,,,false,false,,true,,,,,,,,,,,,
Humphrey Belcher,human,male,,,,true,,,,,,,,false,false,,true,,,,,,,,,,,,
Bob Ogden,human,male,,,,true,,,,,,,,false,false,,false,,,,,,,,,,,,
Morfin Gaunt,human,male,,,,true,pure-blood,dark,,,,,,false,false,,false,,,,,,,,,,,,
Marvolo Gaunt,human,male,,,,true,pure-blood,brown,grey,,,,,false,false,,false,,,,,,,,,,,,
Merope Gaunt,human,female,,,,true,pure-blood,,dull,,,,,false,false,,false,,Merope Riddle,,,,,,,,,,
Cecilia,human,female,,,,false,muggle,,,,,,,false,false,,false,,,,,,,,,,,,
Tom Riddle,human,male,,,,false,muggle,,dark,,,,,false,false,,false,,Tom Riddle Senior,,,,,,,,,,
Demelza Robins,human,female,Gryffindor,,,true,,,,,,,,true,false,Katy Huxley-Golden,true,,,,,,,,,,,,
Jimmy Peakes,human,male,Gryffindor,,,true,,,,,,,,true,false,,true,,,,,,,,,,,,
Ritchie Coote,human,male,Gryffindor,,,true,,,,,,,,true,false,Ashley Virgil,true,,,,,,,,,,,,
Melinda Bobbin,human,female,,,,true,,,,,,,,true,false,,true,,,,,,,,,,,,
Leanne,human,female,Hufflepuff,,,true,,,,,,,,true,false,Isabella Laughland,true,,,,,,,,,,,,
Caractacus Burke,human,male,,,,true,,,,,,,,false,false,,false,,,,,,,,,,,,
Billy Stubbs,human,male,,,,false,muggle,,,,,,,false,false,,true,,,,,,,,,,,,
Amy Benson,human,female,,,,false,muggle,,,,,,,false,false,,true,,,,,,,,,,,,
Dennis Bishop,human,male,,,,false,muggle,,,,,,,false,false,,true,,,,,,,,,,,,
Mrs Cole,human,female,,,,false,muggle,,,,,,,false,false,Amelda Brown,true,,,,,,,,,,,,
Eric Whalley,human,male,,,,false,muggle,,,,,,,false,false,,true,,,,,,,,,,,,
Vaisey,human,male,Slytherin,,,true,,,dark,,,,,true,false,,true,,,,,,,,,,,,
Harper,human,male,Slytherin,,,true,,,,,,,,true,false,,true,,,,,,,,,,,,
Urquhart,human,male,Slytherin,,,true,,,,,,,,true,false,,true,,,,,,,,,,,,
Eldred Worple,human,male,,,,true,,,,,,,,false,false,Paul Ritter,true,,,,,,,,,,,,
Sangwini,vampire,male,,,,true,,,dark,,,,,false,false,Charlie Bennison,true,,,,,,,,,,,,
Gawain Robards,human,male,,,,true,,,,,,,,false,false,,true,,,,,,,,,,,,
Fergus,human,male,,,,true,,,,,,,,false,false,,true,,,,,,,,,,,,
Wilkie Twycross,human,male,,,,true,,,,,,,,false,false,,true,,,,,,,,,,,,
Cadwallader,human,male,Hufflepuff,,,true,,,,,,,,true,false,,true,,,,,,,,,,,,
Galatea Merrythought,human,female,,,,true,,,,,,,,false,true,,false,,,,,,,,,,,,
Hepzibah Smith,human,female,,,,true,,,,,,,,false,false,,false,,,,,,,,,,,,
Hokey,house-elf,female,,,,false,,,,,,,,false,false,,false,,,,,,,,,,,,
Octavius Pepper,human,male,,,,false,,,,,,,,false,false,,false,,,,,,,,,,,,
Bertram Aubrey,human,male,,,,false,,,,,,,,false,false,,false,,,,,,,,,,,,
Eileen Prince,human,female,,,,false,pure-blood,,,,,,,false,false,,false,,,,,,,,,,,,
Amycus Carrow,human,male,Slytherin,,,true,,,,,,,,false,false,Ralph Ineson,true,,,,,,,,,,,,
Alecto Carrow,human,female,Slytherin,,,true,,,,,,,,false,false,Suzie Toase,true,,,,,,,,,,,,
Gibbon,human,male,,,,true,,,,,,,,false,false,,false,,,,,,,,,,,,
Tobias Snape,human,male,,,,false,,,,,,,,false,false,,true,,,,,,,,,,,,
Pius Thicknesse,human,male,,,,true,,,black,,,,,false,false,Guy Henry,true,,,,,,,,,,,,
Charity Burbage,human,female,,,,true,,,,,,,,false,true,Carolyn Pickles,false,,,,,,,,,,,,
Percival Dumbledore,human,male,,,,true,,,,,,,,false,false,,false,,,,,,,,,,,,
Kendra Dumbledore,human,female,,,,true,muggleborn,dark,black,,,,,false,false,,false,,,,,,,,,,,,
Ariana Dumbledore,human,female,,,,true,half-blood,,,,,,,false,false,Hebe Beardsall,false,,,,,,,,,,,,
Betty Braithwaite,human,female,,,,true,,,,,,,,false,false,,true,,,,,,,,,,,,
Apolline Delacour,half-human,female,,,,true,half-veela,,blonde,,,,,false,false,,true,,,,,,,,,,,,
Gabrielle Delacour,human,female,,,,true,quarter-veela,,blonde,,,,,false,false,Angelica Mandy,true,,,,,,,,,,,,
Monsieur Delacour,human,male,,,,true,,,black,,,,,false,false,,true,,,,,,,,,,,,
Dragomir Gorgovitch,human,male,,,,true,,,,,,,,false,false,,true,,,,,,,,,,,,
Xenophilius Lovegood,human,male,Ravenclaw,,,true,,,white,,,,,false,false,Rhys Ifans,true,,,,,,,,,,,,
Muriel,human,female,,,,true,,,grey,,,,,false,false,Matyelok Gibbs,true,,Aunt Muriel,,,,,,,,,,
Bilius,human,male,,,,true,,,,,,,,false,false,,false,,Uncle Bilius,,,,,,,,,,
Thorfinn Rowle,human,male,,,,true,,,blond,,,,,false,false,Rod Hunt,true,,,,,,,,,,,,
Reg Cattermole,human,male,,,,true,,,,,,,,false,false,Steffan Rhodri,true,,Reginald Cattermole,,,,,,,,,,
Albert Runcorn,human,male,,,,true,,,black,,,,,false,false,David O'Hara,true,,,,,,,,,,,,
Arkie Alderton,human,male,,,,true,,,,,,,,false,false,,true,,,,,,,,,,,,
Mary Cattermole,human,female,,,,true,muggleborn,,,cherry,unicorn hair,8.75,,false,false,Kate Fleetwood,true,,Mary Elizabeth Cattermole,,,,,,,,,,
Maisie Cattermole,human,female,,,,true,,,,,,,,false,false,,true,,,,,,,,,,,,
Ellie Cattermole,human,female,,,,true,,,,,,,,false,false,,true,,,,,,,,,,,,
Alfred Cattermole,human,male,,,,true,,,,,,,,false,false,,true,,,,,,,,,,,,
Gornuk,goblin,male,,,,false,,,,,,,,false,false,,false,,,,,,,,,,,,
Bowman Wright,human,male,,,,true,,,,,,,,false,false,,false,,,,,,,,,,,,
Ivor Dillonsby,human,male,,,,true,,,,,,,,false,false,,true,,,,,,,,,,,,
Enid Smeek,human,female,,,,true,,,,,,,,false,false,,true,,,,,,,,,,,,
Egbert the Egregious,human,male,,,,true,,,,,,,,false,false,,false,,,,,,,,,,,,
Godelot,human,male,,,,true,,,,,,,,false,false,,false,,,,,,,,,,,,
Hereward,human,male,,,,true,,,,,,,,false,false,,false,,,,,,,,,,,,
Loxias,human,male,,,,true,,,,,,,,false,false,,false,,,,,,,,,,,,
Barnabas Deverill,human,male,,,,true,,,,,,,,false,false,,false,,,,,,,,,,,,
Arcus,human,male,,,,true,,,,,,,,false,false,,false,,,,,,,,,,,,
Livius,human,male,,,,true,,,,,,,,false,false,,false,,,,,,,,,,,,
Antioch Peverell,human,male,,,,true,pure-blood,,,,,,,false,false,,false,,First Brother,,,,,,,,,,
Cadmus Peverell,human,male,,,,true,pure-blood,,,,,,,false,false,,false,,Second Brother,,,,,,,,,,
Ignotus Peverell,human,male,,,,true,pure-blood,,,,,,,false,false,,false,,Third Brother,,,,,,,,,,
Selwyn,human,male,,,,true,pure-blood,,,,,,,false,false,,true,,,,,,,,,,,,
Scabior,human,male,Slytherin,,,true,,,,,,,,false,false,Nick Moran,true,,,,,,,,,,,,
Ragnuk the First,goblin,male,,,,false,,,,,,,,false,false,,false,,King Ragnuk the First,,,,,,,,,,
Ted Lupin,human,male,Hufflepuff,,,true,half-blood,,,,,,,false,false,Luke Newberry,true,,Edward Remus Teddy Lupin,,,,,,,,,,
Marius,human,male,,,,true,,,,,,,,false,false,,true,,,,,,,,,,,,
Bogrod,goblin,male,,,,false,,black,white,,,,,false,false,Jon Key,true,,,,,,,,,,,,
The Grey Lady,ghost,female,,,,true,,,,,,,,false,false,Nina Young,false,,Helena Ravenclaw,,Kelly Macdonald,,,,,,,,
Dexter Fortescue,human,male,,,,true,,,,,,,,false,false,,false,,,,,,,,,,,,
Lily Potter,human,female,Gryffindor,,,true,half-blood,,red,,,,,false,false,Daphne de Beistegui,true,,Lily Luna Potter,,,,,,,,,,
James Potter,human,male,Gryffindor,,,true,half-blood,,,,,,,true,false,Will Dunn,true,,James Sirius Potter,,,,,,,,,,
Albus Severus Potter,human,male,Slytherin,,,true,half-blood,green,black,,,,,true,false,Arthur Bowen,true,,Al,,,,,,,,,,
Rose Weasley,human,female,Gryffindor,,,true,half-blood,,red,,,,,true,false,Helena Barlow,true,,,,,,,,,,,,
Hugo Weasley,human,male,,,,true,half-blood,,brown,,,,,true,false,Ryan Turner,true,,,,,,,,,,,,
Scorpius Malfoy,human,male,Slytherin,,,true,pure-blood,grey,blond,,,,,true,false,Bertie Gilbert,true,,Scorpius Hyperion Malfoy,,,,,,,,,,
Victoire Weasley,human,female,,,,true,,,blonde,,,,,true,false,,true,,,,,,,,,,,,
